{"wifi": {"ssid": "Manoranjan_Network", "password": "gw14-8q6x-poky"}, "wlan_antenna": 0, "dump_ca": false, "lora": {"otaa": {"app_key": "be2c777f25a5935168ba3a5cc8a8132c", "app_eui": "c33d4225b8ad68e7", "app_device_eui": "feceb79f31520878"}}, "server": "mqtt.pybytes.pycom.io", "ssl": false, "lte": {"apn": null, "cid": null, "reset": false, "carrier": null, "band": null, "type": null}, "device_id": "dd716f98-3418-4e19-a9cf-49abe1bfd8f4", "network_preferences": [ "wifi","lora_otaa"], "ota_server": {"port": 443, "domain": "software.pycom.io"}, "pybytes_autostart": true, "username": "manoranjan.kumar@volvo.com"}
